{
  "model": "xgboost_advanced_optimized",
  "model_type": "ADVANCED (HMM+DMD) - All Features",
  "filter": "WITH_AR_FILTER",
  "enhancement": "GridSearchCV with Stratified Spatial CV",
  "timestamp": "2026-01-02T06:51:28.390368",
  "hyperparameter_tuning": {
    "method": "GridSearchCV with Stratified Spatial CV",
    "scoring": "recall",
    "n_combinations": 3888,
    "best_params": {
      "colsample_bytree": 0.8,
      "gamma": 0,
      "learning_rate": 0.01,
      "max_depth": 7,
      "min_child_weight": 5,
      "n_estimators": 200,
      "reg_alpha": 0.1,
      "reg_lambda": 2,
      "subsample": 0.7
    },
    "best_cv_score": 0.700262874448594
  },
  "data": {
    "total_observations": 6553,
    "crisis_events": 393,
    "non_crisis_events": 6160,
    "crisis_rate": 0.059972531664886315,
    "imbalance_ratio": 15.674300254452927,
    "countries": 13,
    "districts": 947
  },
  "features": {
    "ratio": 9,
    "zscore": 9,
    "hmm": 6,
    "dmd": 8,
    "location": 3,
    "total": 35
  },
  "cv_performance": {
    "auc_roc_mean": 0.697026645266287,
    "auc_roc_std": 0.17497063125046639,
    "pr_auc_mean": 0.20178261348663118,
    "pr_auc_std": 0.0770658746050223,
    "brier_score_mean": 0.10097579297947441,
    "log_loss_mean": 0.35609922789347914,
    "youden": {
      "precision": 0.14204512363494068,
      "recall": 0.6284259966539878,
      "f1": 0.22510432600943459
    },
    "high_recall": {
      "precision": 0.06184269057732674,
      "recall": 1.0,
      "f1": 0.11611475852981785
    }
  },
  "top_features": {
    "country_data_density": 0.13287802040576935,
    "country_baseline_conflict": 0.09307578206062317,
    "country_baseline_food_security": 0.06667045503854752,
    "other_ratio": 0.03275308012962341,
    "hmm_ratio_transition_risk": 0.032485950738191605,
    "health_ratio": 0.029046278446912766,
    "displacement_zscore": 0.02641003392636776,
    "weather_ratio": 0.02621333859860897,
    "food_security_zscore": 0.025369081646203995,
    "hmm_ratio_crisis_prob": 0.025302940979599953
  }
}