{
  "model": "ablation_ratio_hmm_dmd_location_optimized",
  "model_type": "ABLATION - Ratio + Location ONLY",
  "description": "Ablation Model 7: Ratio + HMM Ratio + Location with GridSearchCV optimization",
  "filter": "WITH_AR_FILTER",
  "enhancement": "GridSearchCV with Stratified Spatial CV",
  "timestamp": "2026-01-01T11:45:55.407432",
  "data": {
    "total_observations": 6553,
    "crisis_events": 393,
    "non_crisis_events": 6160,
    "crisis_rate": 0.059972531664886315,
    "imbalance_ratio": 15.674300254452927,
    "countries": 13,
    "districts": 947
  },
  "features": {
    "total": 19,
    "ratio": 9,
    "zscore": 0,
    "hmm": 0,
    "dmd": 0,
    "location": 3,
    "excluded": "zscore, DMD",
    "hmm_ratio": 3
  },
  "hyperparameter_tuning": {
    "method": "GridSearchCV with Stratified Spatial CV",
    "scoring": "recall",
    "best_params": {
      "colsample_bytree": 0.8,
      "gamma": 0.5,
      "learning_rate": 0.01,
      "max_depth": 5,
      "min_child_weight": 5,
      "n_estimators": 300,
      "reg_alpha": 0,
      "reg_lambda": 2,
      "subsample": 0.8
    },
    "best_cv_score": 0.7248614090719093
  },
  "cv_performance": {
    "auc_roc_mean": 0.7234603978800063,
    "auc_roc_std": 0.1749164219088992,
    "pr_auc_mean": 0.24176470836858294,
    "pr_auc_std": 0.09653419435942513,
    "brier_score_mean": 0.11740485933958474,
    "log_loss_mean": 0.38979066478768387,
    "youden": {
      "precision": 0.15612644688904603,
      "recall": 0.6517842488238468,
      "f1": 0.23842908272711724,
      "specificity": 0.7767246976771537
    },
    "high_recall": {
      "precision": 0.06184269057732674,
      "recall": 1.0,
      "f1": 0.11611475852981785
    }
  },
  "top_features": {
    "country_data_density": 0.16779379546642303,
    "country_baseline_conflict": 0.11406064033508301,
    "country_baseline_food_security": 0.0989125669002533,
    "other_ratio": 0.04983312636613846,
    "hmm_ratio_transition_risk": 0.04704797640442848,
    "health_ratio": 0.042162224650382996,
    "weather_ratio": 0.041178882122039795,
    "conflict_ratio": 0.04055202007293701,
    "economic_ratio": 0.04026714712381363,
    "food_security_ratio": 0.04017667472362518
  }
}