{
  "model": "ablation_zscore_hmm_zscore_location_optimized",
  "model_type": "ABLATION - Zscore + Location ONLY",
  "description": "Ablation Model 4: Zscore + Location ONLY with GridSearchCV optimization",
  "filter": "WITH_AR_FILTER",
  "enhancement": "GridSearchCV with Stratified Spatial CV",
  "timestamp": "2026-01-02T07:14:50.472565",
  "data": {
    "total_observations": 6553,
    "crisis_events": 393,
    "non_crisis_events": 6160,
    "crisis_rate": 0.059972531664886315,
    "imbalance_ratio": 15.674300254452927,
    "countries": 13,
    "districts": 947
  },
  "features": {
    "total": 15,
    "ratio": 0,
    "zscore": 9,
    "hmm": 0,
    "dmd": 0,
    "location": 3,
    "excluded": "ratio, HMM, DMD"
  },
  "hyperparameter_tuning": {
    "method": "GridSearchCV with Stratified Spatial CV",
    "scoring": "recall",
    "best_params": {
      "colsample_bytree": 0.6,
      "gamma": 0.5,
      "learning_rate": 0.05,
      "max_depth": 5,
      "min_child_weight": 5,
      "n_estimators": 100,
      "reg_alpha": 0.1,
      "reg_lambda": 1,
      "subsample": 0.7
    },
    "best_cv_score": 0.7049136757486649
  },
  "cv_performance": {
    "auc_roc_mean": 0.6795275091368613,
    "auc_roc_std": 0.18429119589084306,
    "pr_auc_mean": 0.2048499763910525,
    "pr_auc_std": 0.10340180440455145,
    "brier_score_mean": 0.09884800372150172,
    "log_loss_mean": 0.3411652722134228,
    "youden": {
      "precision": 0.15451571008327553,
      "recall": 0.5815990787115113,
      "f1": 0.1980129812553126,
      "specificity": 0.7839550951269079
    },
    "high_recall": {
      "precision": 0.06184269057732674,
      "recall": 1.0,
      "f1": 0.11611475852981785
    }
  },
  "top_features": {
    "country_data_density": 0.18341423571109772,
    "country_baseline_conflict": 0.12072554975748062,
    "country_baseline_food_security": 0.11858783662319183,
    "food_security_zscore": 0.0546146035194397,
    "weather_zscore": 0.05175069719552994,
    "displacement_zscore": 0.05075877159833908,
    "conflict_zscore": 0.05032441020011902,
    "humanitarian_zscore": 0.04989846050739288,
    "hmm_zscore_transition_risk": 0.04926304146647453,
    "economic_zscore": 0.0490301251411438
  }
}