{
  "model": "Optimized Cascade Ensemble",
  "strategy": "AR Baseline + Optimized Stage 2 XGBoost with Simple Binary Override",
  "timestamp": "2026-01-03T11:08:01.359982",
  "data": {
    "total_observations": 20722,
    "total_crises": 5322,
    "crisis_rate": 0.25682849145835346,
    "countries": 18,
    "districts": 3438,
    "with_stage2_predictions": 6553,
    "override_candidates": 6553
  },
  "cascade_strategy": {
    "method": "Simple Binary Logic",
    "rule": "If AR=1 keep, if AR=0 use Stage2 prediction",
    "total_overrides": 1761,
    "override_rate": 0.26873187852891806
  },
  "ar_baseline_performance": {
    "precision": 0.7318677189026682,
    "recall": 0.7318677189026682,
    "f1": 0.7318677189026683,
    "specificity": 0.9073376623376623,
    "balanced_accuracy": 0.8196026906201652,
    "auc_roc": 0.9074944789333177,
    "confusion_matrix": {
      "tp": 3895,
      "tn": 13973,
      "fp": 1427,
      "fn": 1427
    }
  },
  "cascade_performance": {
    "precision": 0.5850628264859523,
    "recall": 0.7786546411123638,
    "f1": 0.668117694478033,
    "specificity": 0.8091558441558442,
    "balanced_accuracy": 0.793905242634104,
    "confusion_matrix": {
      "tp": 4144,
      "tn": 12461,
      "fp": 2939,
      "fn": 1178
    }
  },
  "improvement": {
    "recall_change": 0.0467869222096956,
    "precision_change": -0.1468048924167159,
    "f1_change": -0.06375002442463529,
    "fn_reduction": 249,
    "key_saves": 249,
    "ar_missed_crises": 1427,
    "key_save_rate": 0.17449194113524877
  },
  "key_saves_by_country": {
    "Zimbabwe": 77,
    "Sudan": 59,
    "Democratic Republic of the Congo": 40,
    "Nigeria": 27,
    "Mozambique": 15,
    "Mali": 12,
    "Kenya": 8,
    "Ethiopia": 6,
    "Malawi": 3,
    "Somalia": 2
  },
  "output_files": {
    "predictions": "cascade_optimized_predictions.csv",
    "key_saves": "key_saves.csv",
    "country_metrics": "country_metrics.csv",
    "district_metrics": "district_metrics.csv"
  }
}